<?xml version="1.0" encoding="UTF-8"?>
<!--********** Copyright 2020 Roku Corp.  All Rights Reserved. **********-->

<component name="JSONLoaderTask" extends="Task">

  <interface>

    <field id = "content" type = "node" />
    <field id = "contenturi" type = "uri" />
    <field id = "foo" type = "string" />


    <field id = "playdata" type = "string" />
    <field id = "playcontentnode" type = "node" />
    <!-- <field id = "playArray" type = "roAssociativeArray" /> -->
    <field id = "playArray" type = "assocarray" />
    
  </interface>

    <script type="text/brightscript" uri="jsonloadertask.brs" />
</component>
