{
    "providerName":"KEXP Roku",
    "language":"en-US",
    "archive":[
        {
            "id":"streamingarchive",
            "title":"Streaming Archive",
            "description":"This is a test",
            "shortDescription1":"This is the streaming archive",
            "shortDescription2":"Second Line",
            "poserurl":"pkg:/images/archive_image.png"
        }
    ],
    "listenlive":[
        {
            "id":"listenlive",
            "title":"Listen Live",
            "description":"Listen to live shows yo",
            "shortDescription1":"This is the Live Stream",
            "shortDescription2":"Second Line",
            "poserurl":"pkg:/images/listen_live_image.png"
        }
    ] 
}
